{
    "bow": {
        "command": "db.getCollection('stashes').distinct( 'typeLine', { 'properties.name': /Bow/, frameType: { $ne: 4 }, typeLine: { $all: [/^(?!Superior|<<).+/] }})",
        "types": [
            "Recurve Bow",
            "Decimation Bow",
            "Death Bow",
            "Assassin Bow",
            "Royal Bow",
            "Imperial Bow",
            "Thicket Bow",
            "Citadel Bow",
            "Harbinger Bow",
            "Compound Bow",
            "Maraketh Bow",
            "Ivory Bow",
            "Crude Bow",
            "Long Bow",
            "Short Bow",
            "Highborn Bow",
            "Spine Bow",
            "Decurve Bow",
            "Grove Bow",
            "Bone Bow",
            "Ranger Bow",
            "Sniper Bow",
            "Steelwood Bow",
            "Reflex Bow",
            "Composite Bow"
        ]
    },
    "claw": {
        "command": "db.getCollection('stashes').distinct( 'typeLine', { 'properties.name': /Claw/, frameType: { $ne: 4 }, typeLine: { $all: [/^(?!Superior|<<).+/] }})",
        "types": [
            "Timeworn Claw",
            "Hellion's Paw",
            "Eagle Claw",
            "Thresher Claw",
            "Nailed Fist",
            "Sharktooth Claw",
            "Fright Claw",
            "Gut Ripper",
            "Great White Claw",
            "Gemini Claw",
            "Imperial Claw",
            "Awl",
            "Eye Gouger",
            "Terror Claw",
            "Noble Claw",
            "Vaal Claw",
            "Tiger's Paw",
            "Double Claw",
            "Gouger",
            "Sparkling Claw",
            "Prehistoric Claw",
            "Throat Stabber",
            "Twin Claw",
            "Blinder",
            "Cat's Paw"
        ]
    },
    "one-handed sword": {
        "types": [
            "Rusted Sword",
            "Copper Sword",
            "Sabre",
            "Broad Sword",
            "War Sword",
            "Ancient Sword",
            "Elegant Sword",
            "Dusk Blade",
            "Hook Sword",
            "Variscite Blade",
            "Cutlass",
            "Baselard",
            "Battle Sword",
            "Elder Sword",
            "Graceful Sword",
            "Twilight Blade",
            "Grappler",
            "Gemstone Sword",
            "Corsair Sword",
            "Gladius",
            "Legion Sword",
            "Vaal Blade",
            "Eternal Sword",
            "Midnight Blade",
            "Tiger Hook"
        ]
    },
    "thrusting one-handed sword": {
        "types": [
            "Rusted Spike",
            "Whalebone Rapier",
            "Battered Foil",
            "Basket Rapier",
            "Jagged Foil",
            "Antique Rapier",
            "Elegant Foil",
            "Thorn Rapier",
            "Smallsword",
            "Wyrmbone Rapier",
            "Burnished Foil",
            "Estoc",
            "Serrated Foil",
            "Primeval Rapier",
            "Fancy Foil",
            "Apex Rapier",
            "Courtesan Sword",
            "Dragonbone Rapier",
            "Tempered Foil",
            "Pecoraro",
            "Spiraled Foil",
            "Vaal Rapier",
            "Jewelled Foil",
            "Harpy Rapier",
            "Dragoon Sword"
        ]
    },
    "two-handed sword" : {
        "types": [
            "Corroded Blade",
            "Longsword",
            "Bastard Sword",
            "Two-Handed Sword",
            "Etched Greatsword",
            "Ornate Sword",
            "Spectral Sword",
            "Curved Blade",
            "Butcher Sword",
            "Footman Sword",
            "Highland Blade",
            "Engraved Greatsword",
            "Tiger Sword",
            "Wraith Sword",
            "Lithe Blade",
            "Headman's Sword",
            "Reaver Sword",
            "Ezomyte Blade",
            "Vaal Greatsword",
            "Lion Sword",
            "Infernal Sword",
            "Exquisite Blade"
        ]
    },
    "one-handed axe": {
        "types": [
            "Rusted Hatchet",
            "Jade Hatchet",
            "Boarding Axe",
            "Cleaver",
            "Broad Axe",
            "Arming Axe",
            "Decorative Axe",
            "Spectral Axe",
            "Etched Hatchet",
            "Jasper Axe",
            "Tomahawk",
            "Wrist Chopper",
            "War Axe",
            "Chest Splitter",
            "Ceremonial Axe",
            "Wraith Axe",
            "Engraved Hatchet",
            "Karui Axe",
            "Siege Axe",
            "Reaver Axe",
            "Butcher Axe",
            "Vaal Hatchet",
            "Royal Axe",
            "Infernal Axe",
            "Runic Hatchet"
        ]
    },
    "two-handed axe": {
        "types": [
            "Stone Axe",
            "Jade Chopper",
            "Woodsplitter",
            "Poleaxe",
            "Double Axe",
            "Gilded Axe",
            "Shadow Axe",
            "Dagger Axe",
            "Jasper Chopper",
            "Timber Axe",
            "Headsman Axe",
            "Labrys",
            "Noble Axe",
            "Abyssal Axe",
            "Karui Chopper",
            "Talon Axe",
            "Sundering Axe",
            "Ezomyte Axe",
            "Vaal Axe",
            "Despot Axe",
            "Void Axe",
            "Fleshripper"
        ]
    },
    "one-handed mace": {
        "types": [
            "Driftwood Club",
            "Tribal Club",
            "Spiked Club",
            "Stone Hammer",
            "War Hammer",
            "Bladed Mace",
            "Ceremonial Mace",
            "Dream Mace",
            "Wyrm Mace",
            "Petrified Club",
            "Barbed Club",
            "Rock Breaker",
            "Battle Hammer",
            "Flanged Mace",
            "Ornate Mace",
            "Phantom Mace",
            "Dragon Mace",
            "Ancestral Club",
            "Tenderizer",
            "Gavel",
            "Legion Hammer",
            "Pernarch",
            "Auric Mace",
            "Nightmare Mace",
            "Behemoth Mace"
        ]
    },
    "two-handed mace" : {
        "types": [
            "Driftwood Maul",
            "Tribal Maul",
            "Mallet",
            "Sledgehammer",
            "Jagged Maul",
            "Brass Maul",
            "Fright Maul",
            "Morning Star",
            "Totemic Maul",
            "Great Mallet",
            "Steelhead",
            "Spiny Maul",
            "Plated Maul",
            "Dread Maul",
            "Solar Maul",
            "Karui Maul",
            "Colossus Mallet",
            "Piledriver",
            "Meatgrinder",
            "Imperial Maul",
            "Terror Maul",
            "Coronal Maul"
        ]
    },
    "dagger": {
        "command": "db.getCollection('stashes').distinct( 'typeLine', { 'properties.name': /Dagger/, frameType: { $ne: 4 }, typeLine: { $all: [/^(?!Superior|<<).+/] }})",
        "types": [
            "Royal Skean",
            "Gutting Knife",
            "Fiend Dagger",
            "Golden Kris",
            "Boot Knife",
            "Flaying Knife",
            "Boot Blade",
            "Stiletto",
            "Slaughter Knife",
            "Ambusher",
            "Imperial Skean",
            "Platinum Kris",
            "Glass Shank",
            "Sai",
            "Ezomyte Dagger",
            "Demon Dagger",
            "Butcher Knife",
            "Poignard",
            "Copper Kris",
            "Prong Dagger",
            "Skean",
            "Skinning Knife",
            "Imp Dagger",
            "Trisula",
            "Carving Knife"
        ]
    },
    "sceptre": { 
        "command": "db.getCollection('stashes').distinct( 'typeLine', { frameType: { $ne: 4 }, typeLine: { $all: [/^(?!Superior|<<).+ (?:Sceptre|Fetish|Sekhem)/] }})",
        "types": [
            "Void Sceptre",
            "Iron Sceptre",
            "Shadow Sceptre",
            "Darkwood Sceptre",
            "Bronze Sceptre",
            "Tyrant's Sekhem",
            "Opal Sceptre",
            "Carnal Sceptre",
            "Vaal Sceptre",
            "Karui Sceptre",
            "Crystal Sceptre",
            "Royal Sceptre",
            "Ochre Sceptre",
            "Platinum Sceptre",
            "Abyssal Sceptre",
            "Blood Sceptre",
            "Grinning Fetish",
            "Quartz Sceptre",
            "Lead Sceptre",
            "Sambar Sceptre",
            "Stag Sceptre",
            "Ritual Sceptre",
            "Driftwood Sceptre",
            "Horned Sceptre" 
        ]
    },
    "staff": {
        "command": "db.getCollection('stashes').distinct( 'typeLine', { 'properties.name': /Staff/, frameType: { $ne: 4 }, typeLine: { $all: [/^(?!Superior|<<).+/] }})",
        "types": [
            "Military Staff",
            "Highborn Staff",
            "Moon Staff",
            "Primordial Staff",
            "Eclipse Staff",
            "Serpentine Staff",
            "Long Staff",
            "Imperial Staff",
            "Foul Staff",
            "Gnarled Branch",
            "Judgement Staff",
            "Royal Staff",
            "Lathi",
            "Ezomyte Staff",
            "Quarterstaff",
            "Woodful Staff",
            "Vile Staff",
            "Iron Staff",
            "Maelström Staff",
            "Crescent Staff",
            "Coiled Staff",
            "Primitive Staff"
        ]
    },
    "wand": {
        "command": "db.getCollection('stashes').distinct( 'typeLine', { 'properties.name': /Wand/, frameType: { $ne: 4 }, typeLine: { $all: [/^(?!Superior|<<).+/] }})",
        "types": [
            "Demon's Horn",
            "Imbued Wand",
            "Omen Wand",
            "Crystal Wand",
            "Goat's Horn",
            "Spiraled Wand",
            "Opal Wand",
            "Carved Wand",
            "Prophecy Wand",
            "Serpent Wand",
            "Engraved Wand",
            "Tornado Wand",
            "Sage Wand",
            "Heathen Wand",
            "Faun's Horn",
            "Pagan Wand",
            "Profane Wand",
            "Driftwood Wand",
            "Quartz Wand"
        ]
    },
    "body-armor": {
        "command": "db.getCollection('stashes').distinct( 'typeLine', { frameType: { $ne: 4 }, 'properties.name': /Armour/, typeLine: { $all: [/^(?!Superior|<<).+ (?:Plate|Garb|Lamellar|Raiment|Armour|Tunic|Regalia|Hauberk|Doublet|Vest|Chestplate|Brigandine|Vestment|Chainmail|Leather|Ringmail|Dragonscale|Wyrmscale|Mantle|Silks|Coat|Jacket|Robe|Jerkin|Wrap)/] }})",
        "types": [
            "Vaal Regalia",
            "Crusader Chainmail",
            "Gladiator Plate",
            "Saint's Hauberk",
            "Dragonscale Doublet",
            "Golden Plate",
            "Majestic Plate",
            "Sacrificial Garb",
            "Loricated Ringmail",
            "Desert Brigandine",
            "Crusader Plate",
            "Glorious Plate",
            "Full Chainmail",
            "Battle Lamellar",
            "Commander's Brigandine",
            "Astral Plate",
            "Holy Chainmail",
            "Saintly Chainmail",
            "Full Wyrmscale",
            "Colosseum Plate",
            "General's Brigandine",
            "Hussar Brigandine",
            "Devout Chainmail",
            "Full Dragonscale",
            "Triumphant Lamellar",
            "Infantry Brigandine",
            "Arena Plate",
            "Copper Plate",
            "Scale Doublet",
            "Plate Vest",
            "Elegant Ringmail",
            "Chain Hauberk",
            "Sun Plate",
            "Conquest Chainmail",
            "Battle Plate",
            "Ornate Ringmail",
            "Full Scale Armour",
            "Latticed Ringmail",
            "Field Lamellar",
            "Bronze Plate",
            "Chainmail Tunic",
            "Lordly Plate",
            "Full Ringmail",
            "Light Brigandine",
            "Wyrmscale Doublet",
            "Full Plate",
            "Soldier's Brigandine",
            "War Plate",
            "Scale Vest",
            "Chainmail Doublet",
            "Ringmail Coat",
            "Chainmail Vest",
            "Golden Mantle",
            "Destiny Leather",
            "Lacquered Garb",
            "Crypt Armour",
            "Crimson Raiment",
            "Occultist's Vestment"
        ]
    },
    "boots": {
        "command": "db.getCollection('stashes').distinct( 'typeLine', { frameType: { $ne: 4 }, 'properties.name': /Armour/, typeLine: { $all: [/^(?!Superior|<<).+ (?:Boots|Greaves|Slippers|Caligae|Shoes)/] }})",
        "types": [
            "Serpentscale Boots",
            "Ancient Greaves",
            "Goliath Greaves",
            "Titan Greaves",
            "Bronzescale Boots",
            "Hydrascale Boots",
            "Steelscale Boots",
            "Reinforced Greaves",
            "Legion Boots",
            "Mesh Boots",
            "Vaal Greaves",
            "Dragonscale Boots",
            "Ironscale Boots",
            "Iron Greaves",
            "Steel Greaves",
            "Crusader Boots",
            "Antique Greaves",
            "Soldier Boots",
            "Wyrmscale Boots",
            "Zealot Boots",
            "Riveted Boots",
            "Plated Greaves",
            "Leatherscale Boots",
            "Ringmail Boots",
            "Chain Boots",
            "Stealth Boots",
            "Shagreen Boots",
            "Carnal Boots",
            "Conjurer Boots",
            "Murder Boots",
            "Two-Toned Boots",
            "Nubuck Boots",
            "Sorcerer Boots",
            "Sharkskin Boots"
        ]
    },
    "gloves": {
        "command": "db.getCollection('stashes').distinct( 'typeLine', { frameType: { $ne: 4 }, 'properties.name': /Armour/, typeLine: { $all: [/^(?!Superior|<<).+ (?:Mitts|Gauntlets|Gloves|Bracers)/] }})",
        "types": [
            "Wyrmscale Gauntlets",
            "Bronzescale Gauntlets",
            "Iron Gauntlets",
            "Goliath Gauntlets",
            "Steel Gauntlets",
            "Vaal Gauntlets",
            "Hydrascale Gauntlets",
            "Crusader Gloves",
            "Serpentscale Gauntlets",
            "Dragonscale Gauntlets",
            "Antique Gauntlets",
            "Ancient Gauntlets",
            "Titan Gauntlets",
            "Soldier Gloves",
            "Chain Gloves",
            "Legion Gloves",
            "Riveted Gloves",
            "Zealot Gloves",
            "Fishscale Gauntlets",
            "Steelscale Gauntlets",
            "Plated Gauntlets",
            "Ringmail Gloves",
            "Bronze Gauntlets",
            "Mesh Gloves",
            "Ironscale Gauntlets",
            "Embroidered Gloves",
            "Assassin's Mitts",
            "Shagreen Gloves",
            "Strapped Mitts",
            "Sharkskin Gloves",
            "Nubuck Gloves",
            "Conjurer Gloves",
            "Spiked Gloves",
            "Slink Gloves",
            "Deerskin Gloves"
        ]
    },
    "helmet": {
        "command": "db.getCollection('stashes').distinct( 'typeLine', { frameType: { $ne: 4 }, 'properties.name': /Armour/, typeLine: { $all: [/^(?!Superior|<<).+ (?:Helmet|Helm|Circlet|Mask|BurgonetBascinet|Sallet|Crown|Wreath|Hood|Hat|Cap|Pelt|Cage|Tricorne|Coif)/] }})",
        "types": [
            "Siege Helmet",
            "Gilded Sallet",
            "Visored Sallet",
            "Samite Helmet",
            "Reaver Helmet",
            "Magistrate Crown",
            "Great Crown",
            "Close Helmet",
            "Crusader Helmet",
            "Fencer Helm",
            "Great Helmet",
            "Iron Hat",
            "Prophet Crown",
            "Aventail Helmet",
            "Soldier Helmet",
            "Zealot Helmet",
            "Lacquered Helmet",
            "Gladiator Helmet",
            "Praetor Crown",
            "Secutor Helm",
            "Barbute Helmet",
            "Battered Helm",
            "Rusted Coif",
            "Cone Helmet",
            "Hunter Hood",
            "Tribal Circlet",
            "Regicide Mask",
            "Lunaris Circlet",
            "Callous Mask",
            "Hubris Circlet",
            "Bone Helmet",
            "Mind Cage",
            "Necromancer Circlet",
            "Ursine Pelt",
            "Solaris Circlet"
        ]
    },
    "shield": {
        "command": "db.getCollection('stashes').distinct( 'typeLine', { frameType: { $ne: 4 }, typeLine: { $all: [/^(?!Superior|<<).+ (?:Shield|Buckler)/] }})",
        "types": [
            "Girded Tower Shield",
            "Alder Spiked Shield",
            "Branded Kite Shield",
            "Thorium Spirit Shield",
            "Polished Spiked Shield",
            "Harmonic Spirit Shield",
            "Plank Kite Shield",
            "Ezomyte Tower Shield",
            "Mahogany Tower Shield",
            "War Buckler",
            "Corrugated Buckler",
            "Golden Buckler",
            "Pine Buckler",
            "Studded Round Shield",
            "Chiming Spirit Shield",
            "Redwood Spiked Shield",
            "Ancient Spirit Shield",
            "Titanium Spirit Shield",
            "Mosaic Kite Shield",
            "Pinnacle Tower Shield",
            "Archon Kite Shield",
            "Fossilised Spirit Shield",
            "Ivory Spirit Shield",
            "Lacewood Spirit Shield",
            "Laminated Kite Shield",
            "Shagreen Tower Shield",
            "Teak Round Shield",
            "Crimson Round Shield",
            "Supreme Spiked Shield",
            "Baroque Round Shield",
            "Tarnished Spirit Shield",
            "Angelic Kite Shield",
            "Bone Spirit Shield",
            "Colossal Tower Shield",
            "Ironwood Buckler",
            "Rotted Round Shield",
            "Sovereign Spiked Shield",
            "Compound Spiked Shield",
            "Vaal Buckler",
            "Enameled Buckler",
            "Battle Buckler",
            "Twig Spirit Shield",
            "Walnut Spirit Shield",
            "Jingling Spirit Shield",
            "Brass Spirit Shield",
            "Ceremonial Kite Shield",
            "Vaal Spirit Shield",
            "Ezomyte Spiked Shield",
            "Spiked Round Shield",
            "Champion Kite Shield",
            "Reinforced Tower Shield",
            "Ornate Spiked Shield",
            "Cardinal Round Shield",
            "Imperial Buckler",
            "Ebony Tower Shield",
            "Painted Buckler",
            "Crested Tower Shield",
            "Crusader Buckler",
            "Etched Kite Shield",
            "Bronze Tower Shield",
            "Yew Spirit Shield",
            "Lacquered Buckler",
            "Oak Buckler",
            "Elegant Round Shield",
            "Steel Kite Shield",
            "Gilded Buckler",
            "Cedar Tower Shield",
            "Linden Kite Shield",
            "Splintered Tower Shield",
            "Painted Tower Shield",
            "Mirrored Spiked Shield",
            "Splendid Round Shield",
            "Spiny Round Shield",
            "Maple Round Shield",
            "Goathide Buckler",
            "Hammered Buckler",
            "Layered Kite Shield",
            "Buckskin Tower Shield",
            "Scarlet Round Shield",
            "Fir Round Shield",
            "Reinforced Kite Shield",
            "Copper Tower Shield",
            "Rawhide Tower Shield",
            "Driftwood Spiked Shield",
            "Burnished Spiked Shield",
            "Alloyed Spiked Shield",
            "Corroded Tower Shield"
        ]
    },
    "amulet": {
        "command": "db.getCollection('stashes').distinct( 'typeLine', { frameType: { $ne: 4 }, typeLine: { $all: [/^(?!Superior|<<).+ Amulet/] }})",
        "types": [
            "Turquoise Amulet",
            "Onyx Amulet",
            "Gold Amulet",
            "Coral Amulet",
            "Paua Amulet",
            "Citrine Amulet",
            "Lapis Amulet",
            "Agate Amulet",
            "Amber Amulet",
            "Jade Amulet",
            "Jet Amulet",
            "Ruby Amulet",
            "Blue Pearl Amulet",
            "Marble Amulet"
        ]
    },
    "belt": {
        "command": "db.getCollection('stashes').distinct( 'typeLine', { frameType: { $ne: 4 }, typeLine: { $all: [/^(?!Superior|<<).+ (?:Belt|Obi|Sash)/] }})",
        "types": [
            "Chain Belt",
            "Studded Belt",
            "Cloth Belt",
            "Rustic Sash",
            "Leather Belt",
            "Heavy Belt",
            "Golden Obi",
            "Vanguard Belt",
            "Crystal Belt"
        ]
    },
    "divination-card": {
        "command": "db.getCollection('stashes').distinct( 'typeLine', { frameType: { $eq: 6 }, typeLine: { $all: [/^(?!Superior|<<).+/] }})", 
        "types": [
            "The Gambler",
            "Rain of Chaos",
            "The Metalsmith's Gift",
            "The Warden",
            "Three Faces in the Dark",
            "The Battle Born",
            "The Encroaching Darkness",
            "Volatile Power",
            "The Inventor",
            "The Rabid Rhoa",
            "Gemcutter's Promise",
            "Emperor's Luck",
            "The Wrath",
            "The Lover",
            "Vinia's Token",
            "The Dragon",
            "The Carrion Crow",
            "The Survivalist",
            "A Mother's Parting Gift",
            "The Wolf's Shadow",
            "The Twins",
            "The Trial",
            "Her Mask",
            "The Flora's Gift",
            "The Gemcutter",
            "Prosperity",
            "The Fox",
            "Doedre's Madness",
            "The Gentleman",
            "Assassin's Favour",
            "The Sigil",
            "The Scholar",
            "Scholar of the Seas",
            "The Watcher",
            "The Inoculated",
            "Hubris",
            "The Gladiator",
            "Turn the Other Cheek",
            "The Hermit",
            "The Lich",
            "The Catalyst",
            "The Cataclysm",
            "The Summoner",
            "Gift of the Gemling Queen",
            "Humility",
            "Lantador's Lost Love",
            "The Poet",
            "The Lion",
            "The King's Blade",
            "Coveted Possession",
            "Jack in the Box",
            "The Surgeon",
            "The Drunken Aristocrat",
            "The Siren",
            "The Tower",
            "The Mercenary",
            "The Scarred Meadow",
            "The Doppelganger",
            "The Body",
            "Treasure Hunter",
            "The Conduit",
            "Hunter's Resolve",
            "Loyalty",
            "Rats",
            "The Surveyor",
            "The Traitor",
            "The Risk",
            "Anarchy's Price",
            "Lucky Connections",
            "The Incantation",
            "The Cartographer",
            "The Union",
            "The Betrayal",
            "The Road to Power",
            "The Sun",
            "Tranquillity",
            "The Spoiled Prince",
            "Glimmer of Hope",
            "The Lord in Black",
            "The Pack Leader",
            "The King's Heart",
            "Death",
            "The Wind",
            "The Dapper Prodigy",
            "Hope",
            "Pride Before the Fall",
            "The Feast",
            "The Chains that Bind",
            "The Pact",
            "Lost Worlds",
            "Earth Drinker",
            "The Ethereal",
            "Birth of the Three",
            "The Fletcher",
            "The One With All",
            "The Celestial Justicar",
            "Blind Venture",
            "The Explorer",
            "The Brittle Emperor",
            "Chaotic Disposition",
            "Audacity",
            "Grave Knowledge",
            "Merciless Armament",
            "The Hoarder",
            "The Dark Mage",
            "The Hunger",
            "The Avenger",
            "Last Hope",
            "Time-Lost Relic",
            "The Warlord",
            "The Offering",
            "Abandoned Wealth",
            "The Doctor",
            "The Artist",
            "The Arena Champion",
            "Bowyer's Dream",
            "The Aesthete",
            "The Last One Standing",
            "The Queen",
            "The Enlightened",
            "Wealth and Power",
            "Thunderous Skies",
            "The Fiend",
            "Destined to Crumble",
            "Boundless Realms",
            "Dying Anguish",
            "The Throne",
            "Shard of Fate",
            "The Demoness",
            "Rain Tempter",
            "The Thaumaturgist",
            "The Dragon's Heart",
            "Heterochromia",
            "Emperor of Purity",
            "The Lunaris Priestess",
            "The Immortal",
            "The Web",
            "The Harvester",
            "The Cursed King",
            "Hunter's Reward",
            "The Stormcaller",
            "Cartographer's Delight",
            "The Vast",
            "Dialla's Subjugation",
            "The Calling",
            "Lysah's Respite",
            "The Valkyrie",
            "The Endurance",
            "Light and Truth",
            "Lucky Deck",
            "The Jester",
            "The Sephirot",
            "The Tyrant",
            "The Wolf",
            "The Formless Sea",
            "The Soul",
            "The Penitent",
            "The Visionary",
            "House of Mirrors",
            "The Scavenger",
            "The Oath",
            "The Void"
        ]
    },
    "flask": {
        "command": "db.getCollection('stashes').distinct( 'typeLine', { frameType: { $ne: 4 }, typeLine: { $all: [/^(?!Superior|<<).+ Flask/] }})",
        "types": [
            "Jade Flask",
            "Ruby Flask",
            "Topaz Flask",
            "Quartz Flask",
            "Amethyst Flask",
            "Quicksilver Flask",
            "Sapphire Flask",
            "Diamond Flask",
            "Large Hybrid Flask",
            "Granite Flask",
            "Hallowed Life Flask",
            "Greater Mana Flask",
            "Sanctified Mana Flask",
            "Colossal Life Flask",
            "Divine Life Flask",
            "Eternal Life Flask",
            "Sacred Mana Flask",
            "Sanctified Life Flask",
            "Small Life Flask",
            "Giant Mana Flask",
            "Medium Mana Flask",
            "Small Hybrid Flask",
            "Large Mana Flask",
            "Grand Mana Flask",
            "Divine Mana Flask",
            "Hallowed Mana Flask",
            "Sacred Life Flask",
            "Colossal Mana Flask",
            "Colossal Hybrid Flask",
            "Greater Life Flask",
            "Giant Life Flask",
            "Grand Life Flask",
            "Medium Life Flask",
            "Sacred Hybrid Flask",
            "Aquamarine Flask",
            "Sulphur Flask",
            "Bismuth Flask",
            "Eternal Mana Flask",
            "Stibnite Flask",
            "Small Mana Flask",
            "Large Life Flask",
            "Hallowed Hybrid Flask",
            "Silver Flask",
            "Basalt Flask",
            "Medium Hybrid Flask"
        ]
    },
    "jewel": {
        "command": "db.getCollection('stashes').distinct( 'typeLine', { frameType: { $ne: 4 }, typeLine: { $all: [/^(?!Superior|<<).+ Jewel/] }})", 
        "types": [
            "Crimson Jewel",
            "Cobalt Jewel",
            "Viridian Jewel",
            "Prismatic Jewel"
        ]
    },
    "gem": {
        "command": "db.getCollection('stashes').distinct( 'typeLine', { frameType: { $eq: 4 }, typeLine: { $all: [/^(?!Superior|<<).+/] }})", 
        "types": [
            "Leap Slam",
            "Increased Duration Support",
            "Immortal Call",
            "Herald of Ice",
            "Life Leech Support",
            "Essence Drain",
            "Vaal Arc",
            "Animate Guardian",
            "Cold to Fire Support",
            "Glacial Hammer",
            "Punishment",
            "Ranged Attack Totem Support",
            "Molten Shell",
            "Purity of Fire",
            "Rallying Cry",
            "Blood Magic Support",
            "Weapon Elemental Damage Support",
            "Multistrike Support",
            "Anger",
            "Void Manipulation Support",
            "Purity of Ice",
            "Blade Vortex",
            "Lesser Multiple Projectiles Support",
            "Siege Ballista",
            "Blood Rage",
            "Mirror Arrow",
            "Animate Weapon",
            "Chain Support",
            "Cold Penetration Support",
            "Faster Attacks Support",
            "Dual Strike",
            "Smoke Mine",
            "Concentrated Effect Support",
            "Arc",
            "Purity of Elements",
            "Remote Mine Support",
            "Blasphemy Support",
            "Flameblast",
            "Faster Casting Support",
            "Summon Chaos Golem",
            "Added Lightning Damage Support",
            "Fire Nova Mine",
            "Added Chaos Damage Support",
            "Increased Critical Strikes Support",
            "Spell Echo Support",
            "Innervate Support",
            "Curse On Hit Support",
            "Herald of Thunder",
            "Elemental Weakness",
            "Wrath",
            "Assassin's Mark",
            "Poison Support",
            "Melee Splash Support",
            "Herald of Ash",
            "Blink Arrow",
            "Melee Physical Damage Support",
            "Vaal Reave",
            "Increased Critical Damage Support",
            "Vaal Grace",
            "Lightning Arrow",
            "Reave",
            "Hatred",
            "Reduced Mana Support",
            "Projectile Weakness",
            "Clarity",
            "Tempest Shield",
            "Enduring Cry",
            "Ice Nova",
            "Lightning Penetration Support",
            "Greater Multiple Projectiles Support",
            "Cast when Damage Taken Support",
            "Bone Offering",
            "Vaal Clarity",
            "Ice Shot",
            "Faster Projectiles Support",
            "Vaal Lightning Strike",
            "Abyssal Cry",
            "Generosity Support",
            "Culling Strike Support",
            "Determination",
            "Fortify Support",
            "Bladefall",
            "Enhance Support",
            "Flammability",
            "Spectral Throw",
            "Magma Orb",
            "Vulnerability",
            "Added Cold Damage Support",
            "Physical Projectile Attack Damage Support",
            "Lightning Tendrils",
            "Freezing Pulse",
            "Vaal Rain of Arrows",
            "Righteous Fire",
            "Incinerate",
            "Vaal Ice Nova",
            "Vaal Righteous Fire",
            "Viper Strike",
            "Vaal Flameblast",
            "Reckoning",
            "Chance to Flee Support",
            "Fire Trap",
            "Vaal Spectral Throw",
            "Tornado Shot",
            "Flame Totem",
            "Searing Bond",
            "Vigilant Strike",
            "Dominating Blow",
            "Devouring Totem",
            "Fire Penetration Support",
            "Power Charge On Critical Support",
            "Flame Surge",
            "Cleave",
            "Blast Rain",
            "Summon Ice Golem",
            "Cast when Stunned Support",
            "Enfeeble",
            "Cast on Melee Kill Support",
            "Decoy Totem",
            "Shrapnel Shot",
            "Discipline",
            "Frost Blades",
            "Empower Support",
            "Ethereal Knives",
            "Convocation",
            "Ice Crash",
            "Fork Support",
            "Bloodlust Support",
            "Additional Accuracy Support",
            "Kinetic Blast",
            "Rapid Decay Support",
            "Raise Zombie",
            "Knockback Support",
            "Phase Run",
            "Stun Support",
            "Minion Speed Support",
            "Grace",
            "Iron Will Support",
            "Wither",
            "Flame Dash",
            "Glacial Cascade",
            "Riposte",
            "Summon Skeletons",
            "Shockwave Totem",
            "Summon Flame Golem",
            "Controlled Destruction Support",
            "Chance to Ignite Support",
            "Trap Support",
            "Barrage",
            "Bear Trap",
            "Lightning Trap",
            "Life Gain on Hit Support",
            "Haste",
            "Caustic Arrow",
            "Detonate Mines",
            "Increased Burning Damage Support",
            "Shock Nova",
            "Cast on Death Support",
            "Vaal Lightning Warp",
            "Spell Totem Support",
            "Burning Arrow",
            "Rain of Arrows",
            "Elemental Hit",
            "Summon Raging Spirit",
            "Elemental Proliferation Support",
            "Wild Strike",
            "Lightning Strike",
            "Freeze Mine",
            "Vaal Fireball",
            "Vaal Storm Call",
            "Detonate Dead",
            "Explosive Arrow",
            "Warlord's Mark",
            "Cyclone",
            "Discharge",
            "Multiple Traps Support",
            "Puncture",
            "Less Duration Support",
            "Heavy Strike",
            "Molten Strike",
            "Item Rarity Support",
            "Increased Area of Effect Support",
            "Added Fire Damage Support",
            "Trap and Mine Damage Support",
            "Pierce Support",
            "Vaal Detonate Dead",
            "Vaal Immortal Call",
            "Lightning Warp",
            "Vaal Glacial Hammer",
            "Purity of Lightning",
            "Minion Life Support",
            "Minion and Totem Elemental Resistance Support",
            "Ball Lightning",
            "Static Strike",
            "Ice Bite Support",
            "Frost Wall",
            "Infernal Blow",
            "Vengeance",
            "Ground Slam",
            "Endurance Charge on Melee Stun Support",
            "Melee Damage on Full Life Support",
            "Arctic Armour",
            "Vaal Spark",
            "Conversion Trap",
            "Portal",
            "Flicker Strike",
            "Cold Snap",
            "Temporal Chains",
            "Point Blank Support",
            "Ice Spear",
            "Arctic Breath",
            "Vaal Double Strike",
            "Double Strike",
            "Vaal Cyclone",
            "Vaal Ground Slam",
            "Physical to Lightning Support",
            "Split Arrow",
            "Vaal Cold Snap",
            "Vaal Summon Skeletons",
            "Vaal Power Siphon",
            "Fireball",
            "Hypothermia Support",
            "Firestorm",
            "Contagion",
            "Shield Charge",
            "Minion Damage Support",
            "Storm Call",
            "Cast On Critical Strike Support",
            "Sweep",
            "Poacher's Mark",
            "Frostbite",
            "Rejuvenation Totem",
            "Vaal Burning Arrow",
            "Vitality",
            "Frenzy",
            "Conductivity",
            "Desecrate",
            "Spark",
            "Raise Spectre",
            "Flesh Offering",
            "Power Siphon",
            "Vaal Haste",
            "Vaal Lightning Trap",
            "Blind Support",
            "Iron Grip Support",
            "Mana Leech Support",
            "Vaal Molten Shell",
            "Slower Projectiles Support",
            "Enlighten Support",
            "Vaal Discipline",
            "Whirling Blades",
            "Item Quantity Support",
            "Minefield Support",
            "Earthquake",
            "Frost Bomb",
            "Block Chance Reduction Support",
            "Sunder",
            "Summon Stone Golem",
            "Trap Cooldown Support",
            "Ice Trap",
            "Orb of Storms",
            "Ancestral Protector",
            "Elemental Focus Support",
            "Cluster Traps Support",
            "Summon Lightning Golem",
            "Ancestral Warchief",
            "Vortex",
            "Spirit Offering",
            "Frostbolt",
            "Lacerate"
        ]
    },
    "map": {
        "command": "db.getCollection('stashes').distinct( 'typeLine', { 'properties.name': /Map/, frameType: { $ne: 4 }, typeLine: { $all: [/^(?!Superior|<<).+/] }})",
        "types": [
            "Museum Map",
            "Arena Map",
            "Tropical Island Map",
            "Crypt Map",
            "Promenade Map",
            "Vaal Pyramid Map",
            "Thicket Map",
            "Arachnid Nest Map",
            "Spider Lair Map",
            "Villa Map",
            "Underground Sea Map",
            "Underground River Map",
            "Crystal Ore Map",
            "Reef Map",
            "Peninsula Map",
            "Colonnade Map",
            "Temple Map",
            "Strand Map",
            "Pier Map",
            "Graveyard Map",
            "Ashen Wood Map",
            "Dark Forest Map",
            "Ghetto Map",
            "Cavern Map",
            "Wharf Map",
            "Dungeon Map",
            "Coves Map",
            "Sewer Map",
            "Arsenal Map",
            "Mud Geyser Map",
            "Cemetery Map",
            "Arid Lake Map",
            "Springs Map",
            "Catacombs Map",
            "Cells Map",
            "Terrace Map",
            "Overgrown Shrine Map",
            "Atoll Map",
            "Overgrown Ruin Map",
            "Bog Map",
            "Shore Map",
            "Crematorium Map",
            "Desert Map",
            "Quarry Map",
            "Arcade Map",
            "Pit Map",
            "Grotto Map",
            "Channel Map",
            "Spider Forest Map",
            "Torture Chamber Map",
            "Waste Pool Map",
            "Orchard Map",
            "Residence Map",
            "Jungle Valley Map",
            "Phantasmagoria Map",
            "Dunes Map",
            "Volcano Map",
            "Academy Map",
            "Precinct Map",
            "Necropolis Map",
            "Bazaar Map",
            "Plateau Map",
            "Malformation Map",
            "Canyon Map",
            "Gorge Map",
            "Maze Map",
            "Courtyard Map",
            "Shrine Map",
            "Abyss Map",
            "Colosseum Map",
            "Shipyard Map",
            "Castle Ruin Map",
            "Palace Map",
            "Core Map",
            "Vaal Temple Map",
            "Wasteland Map",
            "Excavation Map",
            "Chateau Map",
            "Waterways Map",
            "Plaza Map",
            "Ivory Temple Map",
            "Castle Ruins Map",
            "Arachnid Tomb Map",
            "Primordial Pool Map",
            "Mesa Map",
            "Factory Map",
            "Oasis Map",
            "Beach Map",
            "Racecourse Map",
            "Marshes Map",
            "Vaal City Map",
            "Acid Lakes Map",
            "Tower Map",
            "Shaped Desert Map",
            "Quay Map",
            "Shaped Phantasmagoria Map",
            "Estuary Map",
            "Burial Chambers Map",
            "Shaped Arid Lake Map",
            "Ramparts Map",
            "High Gardens Map",
            "Sulphur Wastes Map",
            "Lair Map",
            "Scriptorium Map",
            "Barrows Map",
            "Shaped Jungle Valley Map",
            "Armory Map",
            "Shaped Channel Map",
            "Shaped Oasis Map",
            "Shaped Strand Map",
            "Shaped Acid Lakes Map",
            "Vault Map",
            "Shaped Beach Map",
            "Shaped Factory Map",
            "Shaped Crystal Ore Map",
            "Shaped Primordial Pool Map",
            "Shaped Arcade Map",
            "Shaped Marshes Map",
            "Lair of the Hydra Map",
            "Shaped Academy Map",
            "Pit of the Chimera Map",
            "Shaped Waste Pool Map",
            "Shaped Ghetto Map",
            "Shaped Dunes Map",
            "Shaped Graveyard Map",
            "Maze of the Minotaur Map",
            "Shaped Cavern Map",
            "Shaped Mesa Map",
            "Shaped Tower Map",
            "Forge of the Phoenix Map",
            "Shaped Promenade Map",
            "Shaped Peninsula Map",
            "Shaped Vaal Pyramid Map",
            "Mineral Pools Map",
            "Beacon Map",
            "Shaped Arachnid Tomb Map",
            "Shaped Wharf Map",
            "Shaped Atoll Map",
            "Shaped Armory Map",
            "Shaped Castle Ruins Map",
            "Shaped Villa Map"
        ]
    },
    "fragment": {
        "command": "",
        "types": [
            "Sacrifice at Dawn",
            "Sacrifice at Dusk",
            "Sacrifice at Noon",
            "Sacrifice at Midnight",
            "Mortal Grief",
            "Mortal Rage",
            "Mortal Hope",
            "Mortal Ignorance",
            "Eber's Key",
            "Yriel's Key",
            "Inya's Key",
            "Volkuur's Key",
            "Offering to the Goddess",
            "Fragment of the Hydra",
            "Fragment of the Phoenix",
            "Fragment of the Minotaur",
            "Fragment of the Chimera"
        ]
    },
    "currency": {
        "command": "db.getCollection('stashes').distinct( 'typeLine', { frameType: { $eq: 5 }})",
        "types": [
            "Orb of Chance",
            "Chromatic Orb",
            "Armourer's Scrap",
            "Orb of Transmutation",
            "Alchemy Shard",
            "Alteration Shard",
            "Orb of Alteration",
            "Orb of Augmentation",
            "Glassblower's Bauble",
            "Orb of Alchemy",
            "Blacksmith's Whetstone",
            "Transmutation Shard",
            "Orb of Fusing",
            "Jeweller's Orb",
            "Scroll of Wisdom",
            "Chaos Orb",
            "Blessed Orb",
            "Scroll Fragment",
            "Vaal Orb",
            "Portal Scroll",
            "Orb of Regret",
            "Albino Rhoa Feather",
            "Regal Orb",
            "Exalted Orb",
            "Orb of Scouring",
            "Cartographer's Chisel",
            "Gemcutter's Prism",
            "Divine Orb",
            "Eternal Orb",
            "Imprint",
            "Perandus Coin",
            "Mirror of Kalandra",
            "Silver Coin",
            "Whispering Essence of Hatred",
            "Muttering Essence of Sorrow",
            "Weeping Essence of Woe",
            "Whispering Essence of Greed",
            "Muttering Essence of Torment",
            "Weeping Essence of Greed",
            "Muttering Essence of Hatred",
            "Whispering Essence of Woe",
            "Weeping Essence of Sorrow",
            "Weeping Essence of Contempt",
            "Muttering Essence of Fear",
            "Muttering Essence of Contempt",
            "Muttering Essence of Greed",
            "Weeping Essence of Fear",
            "Muttering Essence of Anger",
            "Muttering Essence of Woe",
            "Weeping Essence of Wrath",
            "Remnant of Corruption",
            "Wailing Essence of Contempt",
            "Weeping Essence of Torment",
            "Weeping Essence of Suffering",
            "Whispering Essence of Contempt",
            "Weeping Essence of Anger",
            "Shrieking Essence of Fear",
            "Essence of Insanity",
            "Wailing Essence of Fear",
            "Wailing Essence of Torment",
            "Weeping Essence of Hatred",
            "Wailing Essence of Greed",
            "Wailing Essence of Zeal",
            "Wailing Essence of Rage",
            "Screaming Essence of Suffering",
            "Screaming Essence of Torment",
            "Screaming Essence of Doubt",
            "Wailing Essence of Doubt",
            "Screaming Essence of Rage",
            "Screaming Essence of Hatred",
            "Wailing Essence of Suffering",
            "Wailing Essence of Hatred",
            "Apprentice Cartographer's Sextant",
            "Screaming Essence of Spite",
            "Wailing Essence of Loathing",
            "Weeping Essence of Rage",
            "Screaming Essence of Contempt",
            "Weeping Essence of Doubt",
            "Wailing Essence of Wrath",
            "Screaming Essence of Fear",
            "Screaming Essence of Anger",
            "Wailing Essence of Woe",
            "Screaming Essence of Woe",
            "Wailing Essence of Sorrow",
            "Wailing Essence of Anger",
            "Wailing Essence of Anguish",
            "Essence of Delirium",
            "Wailing Essence of Spite",
            "Screaming Essence of Zeal",
            "Screaming Essence of Sorrow",
            "Screaming Essence of Misery",
            "Screaming Essence of Scorn",
            "Screaming Essence of Anguish",
            "Shrieking Essence of Rage",
            "Shrieking Essence of Dread",
            "Shrieking Essence of Wrath",
            "Screaming Essence of Dread",
            "Screaming Essence of Wrath",
            "Screaming Essence of Greed",
            "Screaming Essence of Loathing",
            "Essence of Hysteria",
            "Shrieking Essence of Anger",
            "Shrieking Essence of Torment",
            "Shrieking Essence of Suffering",
            "Journeyman Cartographer's Sextant",
            "Screaming Essence of Envy",
            "Deafening Essence of Contempt",
            "Shrieking Essence of Envy",
            "Shrieking Essence of Woe",
            "Essence of Horror",
            "Shrieking Essence of Scorn",
            "Shrieking Essence of Greed",
            "Shrieking Essence of Anguish",
            "Shrieking Essence of Doubt",
            "Shrieking Essence of Sorrow",
            "Shrieking Essence of Misery",
            "Shrieking Essence of Zeal",
            "Shrieking Essence of Hatred",
            "Shrieking Essence of Contempt",
            "Shrieking Essence of Loathing",
            "Master Cartographer's Sextant",
            "Deafening Essence of Envy",
            "Deafening Essence of Torment",
            "Deafening Essence of Anger",
            "Deafening Essence of Spite",
            "Deafening Essence of Wrath",
            "Deafening Essence of Hatred",
            "Deafening Essence of Rage",
            "Deafening Essence of Fear",
            "Shrieking Essence of Spite",
            "Deafening Essence of Zeal",
            "Deafening Essence of Suffering",
            "Deafening Essence of Woe",
            "Deafening Essence of Greed",
            "Deafening Essence of Anguish",
            "Deafening Essence of Loathing",
            "Deafening Essence of Sorrow",
            "Deafening Essence of Scorn",
            "Deafening Essence of Doubt",
            "Deafening Essence of Dread",
            "Deafening Essence of Misery",
            "Apprentice Cartographer's Seal",
            "Stacked Deck",
            "Journeyman Cartographer's Seal",
            "Master Cartographer's Seal",
            "Unshaping Orb"
        ]
    },
    "prophecy": {
        "command": "db.getCollection('stashes').distinct( 'typeLine', { frameType: { $eq: 8 }, typeLine: { $all: [/^(?!Superior|<<).+/] }})", 
        "types": [
            "Mysterious Invaders",
            "The Prison Guard",
            "The Jeweller's Touch",
            "Nature's Resilience",
            "Ancient Rivalries I",
            "The Flow of Energy",
            "The Servant's Heart",
            "The Undead Brutes",
            "The Invader",
            "The Lost Undying",
            "The Corrupt",
            "The Twins",
            "The Forgotten Garrison",
            "Holding the Bridge",
            "Heavy Blows",
            "A Regal Death",
            "Notched Flesh",
            "Fire and Ice",
            "Pleasure and Pain",
            "The Misunderstood Queen",
            "Fear's Wide Reach",
            "Baptism by Death",
            "The Unbreathing Queen I",
            "The Sword King's Passion",
            "A Gracious Master",
            "The Feral Lord V",
            "Storm on the Shore",
            "The Lady in Black",
            "The Undead Storm",
            "The Plaguemaw I",
            "The Sinner's Stone",
            "The Bloody Flowers Redux",
            "A Master Seeks Help",
            "The Queen's Vaults",
            "A Whispered Prayer",
            "Strong as a Bull",
            "Soil, Worms and Blood",
            "Erasmus' Gift",
            "Rebirth",
            "The Eagle's Cry",
            "Waiting in Ambush",
            "Possessed Foe",
            "Lightning Falls",
            "Erased from Memory",
            "Graceful Flames",
            "Mouth of Horrors",
            "Custodians of Silence",
            "A Prodigious Hand",
            "The Plaguemaw II",
            "Forceful Exorcism",
            "Fire from the Sky",
            "Gilded Within",
            "Nemesis of Greed",
            "The Brutal Enforcer",
            "Unbearable Whispers I",
            "Hidden Reinforcements",
            "Ending the Torment",
            "Reforged Bonds",
            "Plague of Frogs",
            "The Scout",
            "Winter's Mournful Melodies",
            "Hunter's Lesson",
            "The Soulless Beast",
            "Abnormal Effulgence",
            "The Feral Lord I",
            "Ice from Above",
            "The Bowstring's Music",
            "Ancient Doom",
            "Twice Enchanted",
            "The Beginning and the End",
            "Fire and Brimstone",
            "From Death Springs Life",
            "The Last Watch",
            "The Blacksmith",
            "Severed Limbs",
            "The Ambitious Bandit I",
            "The Apex Predator",
            "The Dream Trial",
            "Blood of the Betrayed",
            "Dying Cry",
            "Power Magnified",
            "Thaumaturgical History I",
            "Storm on the Horizon",
            "The Emperor's Trove",
            "The Stockkeeper",
            "Vaal Invasion",
            "The Lost Maps",
            "Defiled in the Sceptre",
            "Pools of Wealth",
            "Undead Uprising",
            "A Firm Foothold",
            "Plague of Rats",
            "The Feral Lord II",
            "Living Fires",
            "The Hungering Swarm",
            "The Karui Rebellion",
            "The Child of Lunaris",
            "The Ward's Ward",
            "In the Grasp of Corruption",
            "Echoes of Lost Love",
            "The Silverwood",
            "The Unbreathing Queen II",
            "Flesh of the Beast",
            "Monstrous Treasure",
            "Deadly Twins",
            "Risen Blood",
            "Unbearable Whispers II",
            "Hidden Vaal Pathways",
            "The Cursed Choir",
            "The Petrified",
            "The Snuffed Flame",
            "The Prison Key",
            "The Vanguard",
            "Against the Tide",
            "The Walking Mountain",
            "Heart of the Fire",
            "The Trembling Earth",
            "Roth's Legacy",
            "A Call into the Void",
            "The King and the Brambles",
            "The God of Misfortune",
            "The Feral Lord IV",
            "The King's Path",
            "Golden Touch",
            "The Aesthete's Spirit",
            "Vital Transformation",
            "Day of Sacrifice I",
            "Touched by the Wind",
            "The Forgotten Soldiers",
            "Path of Betrayal",
            "The Hardened Armour",
            "Brothers in Arms",
            "The Sharpened Blade",
            "The Brothers of Necromancy",
            "Weeping Death",
            "Fallow At Last",
            "Bountiful Traps",
            "The Warmongers I",
            "Crushing Squall",
            "Deadly Rivalry II",
            "Smothering Tendrils",
            "Day of Sacrifice II",
            "A Valuable Combination",
            "The Beautiful Guide",
            "The Wealthy Exile",
            "Beyond Sight I",
            "The Four Feral Exiles",
            "Resistant to Change",
            "The Watcher's Watcher",
            "Echoes of Witchcraft",
            "Unnatural Energy",
            "The Mysterious Gift",
            "A Forest of False Idols",
            "The Warmongers IV",
            "Day of Sacrifice IV",
            "Ancient Rivalries IV",
            "The Dreamer's Dream",
            "The Alchemist",
            "Deadly Rivalry I",
            "Vaal Winds",
            "Wind and Thunder",
            "Unbearable Whispers V",
            "The Fortune Teller's Collection",
            "The Hollow Pledge",
            "The Nest",
            "Deadly Rivalry V",
            "Lasting Impressions",
            "An Unseen Peril",
            "Blood in the Eyes",
            "The Warmongers II",
            "The Plaguemaw IV",
            "The Flayed Man",
            "Beyond Sight IV",
            "The Unbreathing Queen V",
            "Unbearable Whispers III",
            "Kalandra's Craft",
            "Fated Connections",
            "The Singular Spirit",
            "Anarchy's End I",
            "Cleanser of Sins",
            "Fire, Wood and Stone",
            "Overflowing Riches",
            "Echoes of Mutation",
            "Ancient Rivalries III",
            "Anarchy's End II",
            "From The Void",
            "Ancient Rivalries II",
            "The Plaguemaw III",
            "The Warmongers III",
            "Visions of the Drowned",
            "Deadly Rivalry III",
            "The Feral Lord III",
            "Thaumaturgical History IV",
            "Beyond Sight II",
            "Anarchy's End III",
            "The Ambitious Bandit III",
            "Thaumaturgical History III",
            "The Unbreathing Queen IV",
            "The Plaguemaw V",
            "Anarchy's End IV",
            "Deadly Rivalry IV"
        ]
    },
    "quiver": {
        "command": "db.getCollection('stashes').distinct( 'typeLine', { frameType: { $ne: 4 }, typeLine: { $all: [/^(?!Superior|<<).+ Quiver/] }})", 
        "types": [
            "Spike-Point Arrow Quiver",
            "Two-Point Arrow Quiver",
            "Fire Arrow Quiver",
            "Broadhead Arrow Quiver",
            "Serrated Arrow Quiver",
            "Sharktooth Arrow Quiver",
            "Blunt Arrow Quiver",
            "Penetrating Arrow Quiver",
            "Heavy Quiver",
            "Cured Quiver",
            "Light Quiver",
            "Conductive Quiver",
            "Rugged Quiver"
        ]
    },
    "ring": {
        "command": "db.getCollection('stashes').distinct( 'typeLine', { frameType: { $ne: 4 }, typeLine: { $all: [/^(?!Superior|<<).+ Ring/] }})", 
        "types": [
            "Gold Ring",
            "Sapphire Ring",
            "Diamond Ring",
            "Iron Ring",
            "Two-Stone Ring",
            "Unset Ring",
            "Coral Ring",
            "Topaz Ring",
            "Amethyst Ring",
            "Ruby Ring",
            "Moonstone Ring",
            "Paua Ring",
            "Prismatic Ring",
            "Opal Ring",
            "Steel Ring"
        ]
    },
    "map-fragments": {
        "command": "",
        "types": {

        }
    }
}